step,action,reward,observation
1,{'prt_ooo_threshold': 0},0.6976260882079742,[0.001]
2,{'prt_ooo_threshold': 12},0.8024211749000285,[0.0]
3,{'prt_ooo_threshold': 11},0.7601569170094469,[0.001]
4,{'prt_ooo_threshold': 89},0.7105828314407662,[0.001]
5,{'prt_ooo_threshold': 71},0.7363686807383779,[0.001]
6,{'prt_ooo_threshold': 11},0.7601569170094469,[0.001]
7,{'prt_ooo_threshold': 91},0.7105828314407662,[0.001]
8,{'prt_ooo_threshold': 4},0.7446478541230904,[0.0]
9,{'prt_ooo_threshold': 47},0.747603703795973,[0.001]
10,{'prt_ooo_threshold': 110},0.7927656881869853,[0.0]
11,{'prt_ooo_threshold': 0},0.6976260882079742,[0.001]
12,{'prt_ooo_threshold': 0},0.7035878282368465,[0.0]
13,{'prt_ooo_threshold': 32},0.7878691204123646,[0.0]
14,{'prt_ooo_threshold': 30},0.7949306454757942,[0.0]
15,{'prt_ooo_threshold': 41},0.7391367247049493,[0.0]
16,{'prt_ooo_threshold': 83},0.7105828314407662,[0.001]
17,{'prt_ooo_threshold': 72},0.7371945069806919,[0.001]
18,{'prt_ooo_threshold': 31},0.7611110444453804,[0.001]
19,{'prt_ooo_threshold': 0},0.6976260882079742,[0.001]
20,{'prt_ooo_threshold': 30},0.7465944061800595,[0.001]
21,{'prt_ooo_threshold': 0},0.7035878282368465,[0.0]
22,{'prt_ooo_threshold': 110},0.7927656881869853,[0.0]
23,{'prt_ooo_threshold': 120},0.7105828314407662,[0.001]
24,{'prt_ooo_threshold': 120},0.7992621298250712,[0.0]
25,{'prt_ooo_threshold': 67},0.7225134085026897,[0.001]
26,{'prt_ooo_threshold': 39},0.7647885061987121,[0.0]
27,{'prt_ooo_threshold': 28},0.7166398509825885,[0.001]
28,{'prt_ooo_threshold': 26},0.8088798630584494,[0.0]
29,{'prt_ooo_threshold': 51},0.7512463707080955,[0.001]
30,{'prt_ooo_threshold': 97},0.7105828314407662,[0.001]
31,{'prt_ooo_threshold': 60},0.7545267180860872,[0.0]
32,{'prt_ooo_threshold': 41},0.7595472905439427,[0.001]
33,{'prt_ooo_threshold': 0},0.7035878282368465,[0.0]
34,{'prt_ooo_threshold': 0},0.6976260882079742,[0.001]
35,{'prt_ooo_threshold': 45},0.7849624876468967,[0.0]
36,{'prt_ooo_threshold': 120},0.7105828314407662,[0.001]
37,{'prt_ooo_threshold': 52},0.7543728041856235,[0.001]
38,{'prt_ooo_threshold': 25},0.7382124998361165,[0.0]
39,{'prt_ooo_threshold': 4},0.7446478541230904,[0.0]
40,{'prt_ooo_threshold': 120},0.7105828314407662,[0.001]
41,{'prt_ooo_threshold': 111},0.7991208736435081,[0.0]
42,{'prt_ooo_threshold': 0},0.7035878282368465,[0.0]
43,{'prt_ooo_threshold': 69},0.7476548893506276,[0.001]
44,{'prt_ooo_threshold': 92},0.7988472365584042,[0.0]
45,{'prt_ooo_threshold': 0},0.7035878282368465,[0.0]
46,{'prt_ooo_threshold': 0},0.7035878282368465,[0.0]
47,{'prt_ooo_threshold': 57},0.7409757827922152,[0.001]
48,{'prt_ooo_threshold': 39},0.7647885061987121,[0.0]
49,{'prt_ooo_threshold': 95},0.7929668532686631,[0.0]
50,{'prt_ooo_threshold': 0},0.7035878282368465,[0.0]
51,{'prt_ooo_threshold': 0},0.7035878282368465,[0.0]
52,{'prt_ooo_threshold': 35},0.7709560065527571,[0.001]
53,{'prt_ooo_threshold': 0},0.7035878282368465,[0.0]
54,{'prt_ooo_threshold': 18},0.8395112107648578,[0.0]
55,{'prt_ooo_threshold': 52},0.7970108668293884,[0.0]
56,{'prt_ooo_threshold': 101},0.7990918214560744,[0.0]
57,{'prt_ooo_threshold': 5},0.7066766761493647,[0.001]
58,{'prt_ooo_threshold': 5},0.7066766761493647,[0.001]
59,{'prt_ooo_threshold': 76},0.7974102550684553,[0.0]
60,{'prt_ooo_threshold': 9},0.7952043310073703,[0.0]
61,{'prt_ooo_threshold': 0},0.7035878282368465,[0.0]
62,{'prt_ooo_threshold': 54},0.6869839020264261,[0.001]
63,{'prt_ooo_threshold': 84},0.7105828314407662,[0.001]
64,{'prt_ooo_threshold': 43},0.7739829331998062,[0.0]
65,{'prt_ooo_threshold': 52},0.7543728041856235,[0.001]
66,{'prt_ooo_threshold': 120},0.7992621298250712,[0.0]
67,{'prt_ooo_threshold': 111},0.7105828314407662,[0.001]
68,{'prt_ooo_threshold': 35},0.7709560065527571,[0.001]
69,{'prt_ooo_threshold': 73},0.7371945069806919,[0.001]
70,{'prt_ooo_threshold': 100},0.7991309986153886,[0.0]
71,{'prt_ooo_threshold': 73},0.7988309601615694,[0.0]
72,{'prt_ooo_threshold': 120},0.7992621298250712,[0.0]
73,{'prt_ooo_threshold': 96},0.7929668532686631,[0.0]
74,{'prt_ooo_threshold': 49},0.7876488971040755,[0.001]
75,{'prt_ooo_threshold': 74},0.7989817950147642,[0.0]
76,{'prt_ooo_threshold': 68},0.7087021286431116,[0.001]
77,{'prt_ooo_threshold': 68},0.7087021286431116,[0.001]
78,{'prt_ooo_threshold': 0},0.7035878282368465,[0.0]
79,{'prt_ooo_threshold': 1},0.7319235603275294,[0.0]
80,{'prt_ooo_threshold': 0},0.6976260882079742,[0.001]
81,{'prt_ooo_threshold': 0},0.6976260882079742,[0.001]
82,{'prt_ooo_threshold': 101},0.7105828314407662,[0.001]
83,{'prt_ooo_threshold': 10},0.7929500632103678,[0.0]
84,{'prt_ooo_threshold': 120},0.7992621298250712,[0.0]
85,{'prt_ooo_threshold': 67},0.7225134085026897,[0.001]
86,{'prt_ooo_threshold': 120},0.7105828314407662,[0.001]
87,{'prt_ooo_threshold': 43},0.7595302109463845,[0.001]
88,{'prt_ooo_threshold': 120},0.7992621298250712,[0.0]
89,{'prt_ooo_threshold': 108},0.798993016211116,[0.0]
90,{'prt_ooo_threshold': 120},0.7992621298250712,[0.0]
91,{'prt_ooo_threshold': 79},0.7412524720450567,[0.001]
92,{'prt_ooo_threshold': 0},0.7035878282368465,[0.0]
93,{'prt_ooo_threshold': 24},0.7823395361561762,[0.0]
94,{'prt_ooo_threshold': 120},0.7992621298250712,[0.0]
95,{'prt_ooo_threshold': 64},0.7992814324043257,[0.0]
96,{'prt_ooo_threshold': 33},0.7445920009057362,[0.0]
97,{'prt_ooo_threshold': 38},0.7639889428617624,[0.001]
98,{'prt_ooo_threshold': 120},0.7992621298250712,[0.0]
99,{'prt_ooo_threshold': 96},0.7105828314407662,[0.001]
100,{'prt_ooo_threshold': 0},0.6976260882079742,[0.001]
101,{'prt_ooo_threshold': 33},0.7445920009057362,[0.0]
102,{'prt_ooo_threshold': 76},0.7007257352448962,[0.001]
103,{'prt_ooo_threshold': 60},0.7309646321192161,[0.001]
104,{'prt_ooo_threshold': 66},0.689889266542866,[0.001]
105,{'prt_ooo_threshold': 120},0.7992621298250712,[0.0]
106,{'prt_ooo_threshold': 4},0.7446478541230904,[0.0]
107,{'prt_ooo_threshold': 64},0.7992814324043257,[0.0]
108,{'prt_ooo_threshold': 79},0.799292662589945,[0.0]
109,{'prt_ooo_threshold': 62},0.7304664193316052,[0.001]
110,{'prt_ooo_threshold': 96},0.7929668532686631,[0.0]
111,{'prt_ooo_threshold': 17},0.6867607829423665,[0.001]
112,{'prt_ooo_threshold': 59},0.6680025613396082,[0.001]
113,{'prt_ooo_threshold': 98},0.7105828314407662,[0.001]
114,{'prt_ooo_threshold': 120},0.7992621298250712,[0.0]
115,{'prt_ooo_threshold': 18},0.7478508283329082,[0.001]
116,{'prt_ooo_threshold': 120},0.7992621298250712,[0.0]
117,{'prt_ooo_threshold': 17},0.6867607829423665,[0.001]
118,{'prt_ooo_threshold': 31},0.7611110444453804,[0.001]
119,{'prt_ooo_threshold': 120},0.7992621298250712,[0.0]
120,{'prt_ooo_threshold': 22},0.7263218459614942,[0.001]
121,{'prt_ooo_threshold': 120},0.7992621298250712,[0.0]
122,{'prt_ooo_threshold': 19},0.7137172843995031,[0.001]
123,{'prt_ooo_threshold': 53},0.7425313541795128,[0.001]
124,{'prt_ooo_threshold': 49},0.788964969581654,[0.0]
125,{'prt_ooo_threshold': 60},0.7545267180860872,[0.0]
126,{'prt_ooo_threshold': 0},0.6976260882079742,[0.001]
127,{'prt_ooo_threshold': 120},0.7992621298250712,[0.0]
128,{'prt_ooo_threshold': 92},0.7988472365584042,[0.0]
129,{'prt_ooo_threshold': 43},0.7595302109463845,[0.001]
130,{'prt_ooo_threshold': 3},0.7396909920777767,[0.001]
131,{'prt_ooo_threshold': 112},0.7105828314407662,[0.001]
132,{'prt_ooo_threshold': 0},0.6976260882079742,[0.001]
133,{'prt_ooo_threshold': 0},0.7035878282368465,[0.0]
134,{'prt_ooo_threshold': 45},0.7696666483343212,[0.001]
135,{'prt_ooo_threshold': 22},0.7263218459614942,[0.001]
136,{'prt_ooo_threshold': 91},0.7988155652967593,[0.0]
137,{'prt_ooo_threshold': 44},0.7140655638281173,[0.001]
138,{'prt_ooo_threshold': 0},0.6976260882079742,[0.001]
139,{'prt_ooo_threshold': 67},0.799045240055236,[0.0]
140,{'prt_ooo_threshold': 23},0.7583184653277882,[0.001]
141,{'prt_ooo_threshold': 120},0.7992621298250712,[0.0]
142,{'prt_ooo_threshold': 19},0.7137172843995031,[0.001]
143,{'prt_ooo_threshold': 73},0.7988309601615694,[0.0]
144,{'prt_ooo_threshold': 27},0.7264892145990469,[0.001]
145,{'prt_ooo_threshold': 13},0.782166109060321,[0.001]
146,{'prt_ooo_threshold': 46},0.7697816908148848,[0.0]
147,{'prt_ooo_threshold': 36},0.7399752636250937,[0.001]
148,{'prt_ooo_threshold': 100},0.7991309986153886,[0.0]
149,{'prt_ooo_threshold': 14},0.8166153494582402,[0.0]
150,{'prt_ooo_threshold': 95},0.7929668532686631,[0.0]
151,{'prt_ooo_threshold': 0},0.7035878282368465,[0.0]
152,{'prt_ooo_threshold': 89},0.7992098784266561,[0.0]
153,{'prt_ooo_threshold': 4},0.7537258150959274,[0.001]
154,{'prt_ooo_threshold': 104},0.7993069753480581,[0.0]
155,{'prt_ooo_threshold': 8},0.7695895633343093,[0.001]
156,{'prt_ooo_threshold': 34},0.747126276995482,[0.001]
157,{'prt_ooo_threshold': 120},0.7992621298250712,[0.0]
158,{'prt_ooo_threshold': 25},0.7268327020311559,[0.001]
159,{'prt_ooo_threshold': 12},0.6637971076469392,[0.001]
160,{'prt_ooo_threshold': 23},0.7583184653277882,[0.001]
161,{'prt_ooo_threshold': 118},0.7992384988686551,[0.0]
162,{'prt_ooo_threshold': 116},0.7989820880373893,[0.0]
163,{'prt_ooo_threshold': 22},0.7263218459614942,[0.001]
164,{'prt_ooo_threshold': 78},0.7987440932195199,[0.0]
165,{'prt_ooo_threshold': 4},0.7537258150959274,[0.001]
166,{'prt_ooo_threshold': 57},0.7409757827922152,[0.001]
167,{'prt_ooo_threshold': 0},0.6976260882079742,[0.001]
168,{'prt_ooo_threshold': 0},0.6976260882079742,[0.001]
169,{'prt_ooo_threshold': 0},0.6976260882079742,[0.001]
170,{'prt_ooo_threshold': 56},0.8082408130037697,[0.0]
171,{'prt_ooo_threshold': 120},0.7992621298250712,[0.0]
172,{'prt_ooo_threshold': 0},0.6976260882079742,[0.001]
173,{'prt_ooo_threshold': 53},0.7425313541795128,[0.001]
174,{'prt_ooo_threshold': 0},0.7035878282368465,[0.0]
175,{'prt_ooo_threshold': 120},0.7992621298250712,[0.0]
176,{'prt_ooo_threshold': 120},0.7992621298250712,[0.0]
177,{'prt_ooo_threshold': 60},0.7309646321192161,[0.001]
178,{'prt_ooo_threshold': 59},0.6680025613396082,[0.001]
179,{'prt_ooo_threshold': 0},0.6976260882079742,[0.001]
180,{'prt_ooo_threshold': 78},0.7987440932195199,[0.0]
181,{'prt_ooo_threshold': 120},0.7992621298250712,[0.0]
182,{'prt_ooo_threshold': 0},0.7035878282368465,[0.0]
183,{'prt_ooo_threshold': 24},0.7468455200633838,[0.001]
184,{'prt_ooo_threshold': 80},0.7994142289294729,[0.0]
185,{'prt_ooo_threshold': 0},0.6976260882079742,[0.001]
186,{'prt_ooo_threshold': 120},0.7992621298250712,[0.0]
187,{'prt_ooo_threshold': 69},0.7476548893506276,[0.001]
188,{'prt_ooo_threshold': 63},0.7992814324043257,[0.0]
189,{'prt_ooo_threshold': 79},0.799292662589945,[0.0]
190,{'prt_ooo_threshold': 0},0.6976260882079742,[0.001]
191,{'prt_ooo_threshold': 99},0.7994283254862,[0.0]
192,{'prt_ooo_threshold': 120},0.7992621298250712,[0.0]
193,{'prt_ooo_threshold': 0},0.6976260882079742,[0.001]
194,{'prt_ooo_threshold': 30},0.7465944061800595,[0.001]
195,{'prt_ooo_threshold': 120},0.7992621298250712,[0.0]
196,{'prt_ooo_threshold': 35},0.7709560065527571,[0.001]
197,{'prt_ooo_threshold': 52},0.7970108668293884,[0.0]
198,{'prt_ooo_threshold': 34},0.747126276995482,[0.001]
199,{'prt_ooo_threshold': 57},0.7409757827922152,[0.001]
200,{'prt_ooo_threshold': 21},0.7284443893727834,[0.001]
201,{'prt_ooo_threshold': 97},0.7993720872395748,[0.0]
202,{'prt_ooo_threshold': 31},0.7611110444453804,[0.001]
203,{'prt_ooo_threshold': 84},0.7990182476744626,[0.0]
204,{'prt_ooo_threshold': 95},0.7929668532686631,[0.0]
205,{'prt_ooo_threshold': 120},0.7105828314407662,[0.001]
206,{'prt_ooo_threshold': 0},0.6976260882079742,[0.001]
207,{'prt_ooo_threshold': 106},0.7996408688414411,[0.0]
208,{'prt_ooo_threshold': 120},0.7992621298250712,[0.0]
209,{'prt_ooo_threshold': 0},0.6976260882079742,[0.001]
210,{'prt_ooo_threshold': 120},0.7105828314407662,[0.001]
211,{'prt_ooo_threshold': 116},0.7989820880373893,[0.0]
212,{'prt_ooo_threshold': 74},0.6894700273106422,[0.001]
213,{'prt_ooo_threshold': 120},0.7992621298250712,[0.0]
214,{'prt_ooo_threshold': 31},0.7611110444453804,[0.001]
215,{'prt_ooo_threshold': 10},0.7821459918598039,[0.001]
216,{'prt_ooo_threshold': 50},0.7896391898970071,[0.001]
217,{'prt_ooo_threshold': 64},0.7286353425570201,[0.001]
218,{'prt_ooo_threshold': 42},0.6772254172916788,[0.001]
219,{'prt_ooo_threshold': 28},0.7262857566648476,[0.0]
220,{'prt_ooo_threshold': 120},0.7992621298250712,[0.0]
221,{'prt_ooo_threshold': 10},0.7821459918598039,[0.001]
222,{'prt_ooo_threshold': 39},0.6615684774111791,[0.001]
223,{'prt_ooo_threshold': 86},0.7105828314407662,[0.001]
224,{'prt_ooo_threshold': 44},0.7720162357042523,[0.0]
225,{'prt_ooo_threshold': 0},0.7035878282368465,[0.0]
226,{'prt_ooo_threshold': 41},0.7391367247049493,[0.0]
227,{'prt_ooo_threshold': 120},0.7992621298250712,[0.0]
228,{'prt_ooo_threshold': 0},0.6976260882079742,[0.001]
229,{'prt_ooo_threshold': 110},0.7927656881869853,[0.0]
230,{'prt_ooo_threshold': 120},0.7992621298250712,[0.0]
231,{'prt_ooo_threshold': 0},0.6976260882079742,[0.001]
232,{'prt_ooo_threshold': 109},0.7996038452191243,[0.0]
233,{'prt_ooo_threshold': 82},0.7412524720450567,[0.001]
234,{'prt_ooo_threshold': 17},0.6867607829423665,[0.001]
235,{'prt_ooo_threshold': 120},0.7992621298250712,[0.0]
236,{'prt_ooo_threshold': 120},0.7992621298250712,[0.0]
237,{'prt_ooo_threshold': 0},0.7035878282368465,[0.0]
238,{'prt_ooo_threshold': 102},0.7991309986153886,[0.0]
239,{'prt_ooo_threshold': 105},0.7993851551800105,[0.0]
240,{'prt_ooo_threshold': 26},0.8088798630584494,[0.0]
241,{'prt_ooo_threshold': 120},0.7992621298250712,[0.0]
242,{'prt_ooo_threshold': 61},0.7459275810612702,[0.001]
243,{'prt_ooo_threshold': 118},0.7992384988686551,[0.0]
244,{'prt_ooo_threshold': 32},0.7878691204123646,[0.0]
245,{'prt_ooo_threshold': 31},0.7611110444453804,[0.001]
246,{'prt_ooo_threshold': 80},0.7412524720450567,[0.001]
247,{'prt_ooo_threshold': 68},0.7972736700181816,[0.0]
248,{'prt_ooo_threshold': 60},0.7309646321192161,[0.001]
249,{'prt_ooo_threshold': 110},0.7927656881869853,[0.0]
250,{'prt_ooo_threshold': 120},0.7992621298250712,[0.0]
251,{'prt_ooo_threshold': 75},0.7993168110825049,[0.0]
252,{'prt_ooo_threshold': 120},0.7992621298250712,[0.0]
253,{'prt_ooo_threshold': 35},0.7709560065527571,[0.001]
254,{'prt_ooo_threshold': 4},0.7537258150959274,[0.001]
255,{'prt_ooo_threshold': 24},0.7823395361561762,[0.0]
256,{'prt_ooo_threshold': 71},0.7363686807383779,[0.001]
257,{'prt_ooo_threshold': 19},0.7137172843995031,[0.001]
258,{'prt_ooo_threshold': 89},0.7992098784266561,[0.0]
259,{'prt_ooo_threshold': 24},0.7823395361561762,[0.0]
260,{'prt_ooo_threshold': 87},0.7105828314407662,[0.001]
261,{'prt_ooo_threshold': 115},0.7996408688414411,[0.0]
262,{'prt_ooo_threshold': 120},0.7992621298250712,[0.0]
263,{'prt_ooo_threshold': 89},0.7105828314407662,[0.001]
264,{'prt_ooo_threshold': 18},0.7478508283329082,[0.001]
265,{'prt_ooo_threshold': 120},0.7992621298250712,[0.0]
266,{'prt_ooo_threshold': 38},0.7644003309627935,[0.0]
267,{'prt_ooo_threshold': 59},0.736513367551224,[0.0]
268,{'prt_ooo_threshold': 55},0.7779388249457884,[0.0]
269,{'prt_ooo_threshold': 68},0.7087021286431116,[0.001]
270,{'prt_ooo_threshold': 94},0.7105828314407662,[0.001]
271,{'prt_ooo_threshold': 65},0.720397143716744,[0.001]
272,{'prt_ooo_threshold': 5},0.7066766761493647,[0.001]
273,{'prt_ooo_threshold': 19},0.8329899895528438,[0.0]
274,{'prt_ooo_threshold': 2},0.7357152904232915,[0.001]
275,{'prt_ooo_threshold': 51},0.7512463707080955,[0.001]
276,{'prt_ooo_threshold': 32},0.689965941008647,[0.001]
277,{'prt_ooo_threshold': 46},0.7520138376015306,[0.001]
278,{'prt_ooo_threshold': 120},0.7992621298250712,[0.0]
279,{'prt_ooo_threshold': 120},0.7992621298250712,[0.0]
280,{'prt_ooo_threshold': 120},0.7992621298250712,[0.0]
281,{'prt_ooo_threshold': 116},0.7989820880373893,[0.0]
282,{'prt_ooo_threshold': 120},0.7992621298250712,[0.0]
283,{'prt_ooo_threshold': 28},0.7166398509825885,[0.001]
284,{'prt_ooo_threshold': 77},0.7600938067473432,[0.001]
285,{'prt_ooo_threshold': 11},0.7601569170094469,[0.001]
286,{'prt_ooo_threshold': 116},0.7989820880373893,[0.0]
287,{'prt_ooo_threshold': 95},0.7929668532686631,[0.0]
288,{'prt_ooo_threshold': 120},0.7992621298250712,[0.0]
289,{'prt_ooo_threshold': 67},0.799045240055236,[0.0]
290,{'prt_ooo_threshold': 113},0.798993016211116,[0.0]
291,{'prt_ooo_threshold': 98},0.7988672518478651,[0.0]
292,{'prt_ooo_threshold': 40},0.7162110775493223,[0.001]
293,{'prt_ooo_threshold': 120},0.7992621298250712,[0.0]
294,{'prt_ooo_threshold': 57},0.7409757827922152,[0.001]
295,{'prt_ooo_threshold': 120},0.7992621298250712,[0.0]
296,{'prt_ooo_threshold': 38},0.7639889428617624,[0.001]
297,{'prt_ooo_threshold': 0},0.6976260882079742,[0.001]
298,{'prt_ooo_threshold': 99},0.7994283254862,[0.0]
299,{'prt_ooo_threshold': 94},0.7929823717551353,[0.0]
300,{'prt_ooo_threshold': 83},0.7989112463993373,[0.0]
301,{'prt_ooo_threshold': 78},0.7987440932195199,[0.0]
302,{'prt_ooo_threshold': 48},0.7153392417328219,[0.001]
303,{'prt_ooo_threshold': 18},0.7478508283329082,[0.001]
304,{'prt_ooo_threshold': 89},0.7992098784266561,[0.0]
305,{'prt_ooo_threshold': 120},0.7992621298250712,[0.0]
306,{'prt_ooo_threshold': 57},0.7409757827922152,[0.001]
307,{'prt_ooo_threshold': 120},0.7992621298250712,[0.0]
308,{'prt_ooo_threshold': 79},0.799292662589945,[0.0]
309,{'prt_ooo_threshold': 40},0.7966871485419463,[0.0]
310,{'prt_ooo_threshold': 12},0.8024211749000285,[0.0]
311,{'prt_ooo_threshold': 118},0.7992384988686551,[0.0]
312,{'prt_ooo_threshold': 85},0.7988787640292174,[0.0]
313,{'prt_ooo_threshold': 102},0.7991309986153886,[0.0]
314,{'prt_ooo_threshold': 95},0.7929668532686631,[0.0]
315,{'prt_ooo_threshold': 44},0.7140655638281173,[0.001]
316,{'prt_ooo_threshold': 0},0.6976260882079742,[0.001]
317,{'prt_ooo_threshold': 75},0.7993168110825049,[0.0]
318,{'prt_ooo_threshold': 43},0.7595302109463845,[0.001]
319,{'prt_ooo_threshold': 120},0.7992621298250712,[0.0]
320,{'prt_ooo_threshold': 41},0.7391367247049493,[0.0]
